{"cameraMode":{"drawMode":0,"name":"Shaded","section":"Shading Mode"},"sceneLighting":false,"audioPlay":false,"sceneViewState":{"m_AlwaysRefresh":false,"showFog":true,"showSkybox":false,"showFlares":true,"showImageEffects":true,"showParticleSystems":true,"showVisualEffectGraphs":true,"m_FxEnabled":true},"in2DMode":false,"pivot":{"x":0.008763551712036133,"y":2.447822093963623,"z":-0.011062145233154297},"rotation":{"x":-0.045283280313014987,"y":0.9110170602798462,"z":-0.10360103845596314,"w":-0.39656728506088259},"size":12.86699390411377,"orthographic":false}